{
    "observation.images.top_cam": {
        "min": [
            [
                [
                    0.0
                ]
            ],
            [
                [
                    0.0
                ]
            ],
            [
                [
                    0.0
                ]
            ]
        ],
        "max": [
            [
                [
                    1.0
                ]
            ],
            [
                [
                    1.0
                ]
            ],
            [
                [
                    1.0
                ]
            ]
        ],
        "mean": [
            [
                [
                    0.5389954654427593
                ]
            ],
            [
                [
                    0.6014535303005951
                ]
            ],
            [
                [
                    0.581270584795642
                ]
            ]
        ],
        "std": [
            [
                [
                    0.2342340662802626
                ]
            ],
            [
                [
                    0.18841568800549272
                ]
            ],
            [
                [
                    0.20619988764160152
                ]
            ]
        ],
        "count": [
            1342
        ]
    },
    "action": {
        "min": [
            -99.32361602783203,
            -61.675968170166016,
            -61.916542053222656,
            1.0995674133300781,
            -84.88551330566406,
            4.156769752502441
        ],
        "max": [
            84.51753234863281,
            49.84663391113281,
            82.97537231445312,
            95.7325439453125,
            -36.95442199707031,
            39.36368942260742
        ],
        "mean": [
            -36.70200036443646,
            -15.422967465118079,
            35.18740011417255,
            40.124240987027726,
            -58.39790909085798,
            21.69141270292169
        ],
        "std": [
            52.75934644355195,
            25.523531643048234,
            36.016270736634176,
            22.899776736132488,
            11.309609388134387,
            7.619606356530131
        ],
        "count": [
            8685
        ]
    },
    "timestamp": {
        "min": [
            0.0
        ],
        "max": [
            58.1
        ],
        "mean": [
            28.93388984839762
        ],
        "std": [
            16.715248566754624
        ],
        "count": [
            8685
        ]
    },
    "index": {
        "min": [
            0
        ],
        "max": [
            8684
        ],
        "mean": [
            4342.0
        ],
        "std": [
            2507.143527336771
        ],
        "count": [
            8685
        ]
    },
    "observation.images.wrist_cam": {
        "min": [
            [
                [
                    0.0
                ]
            ],
            [
                [
                    0.0
                ]
            ],
            [
                [
                    0.0
                ]
            ]
        ],
        "max": [
            [
                [
                    1.0
                ]
            ],
            [
                [
                    1.0
                ]
            ],
            [
                [
                    1.0
                ]
            ]
        ],
        "mean": [
            [
                [
                    0.37289133758632614
                ]
            ],
            [
                [
                    0.4076518300470958
                ]
            ],
            [
                [
                    0.42336056091897756
                ]
            ]
        ],
        "std": [
            [
                [
                    0.32050168859181
                ]
            ],
            [
                [
                    0.26656482363166095
                ]
            ],
            [
                [
                    0.2820640453145653
                ]
            ]
        ],
        "count": [
            1342
        ]
    },
    "observation.state": {
        "min": [
            -99.51397705078125,
            -60.42918395996094,
            -57.6062126159668,
            -70.16094207763672,
            -84.56305694580078,
            4.895104885101318
        ],
        "max": [
            84.08262634277344,
            50.7296142578125,
            98.44677734375,
            94.95433044433594,
            -37.46729278564453,
            49.720279693603516
        ],
        "mean": [
            -36.620266637983306,
            -13.941254644141365,
            37.08472241559245,
            39.915936073079216,
            -58.416016723949056,
            21.83284717333612
        ],
        "std": [
            52.63825858797011,
            26.013808631000657,
            35.935842722078576,
            23.932537076670002,
            11.277148997214013,
            7.619948125189637
        ],
        "count": [
            8685
        ]
    },
    "episode_index": {
        "min": [
            0
        ],
        "max": [
            4
        ],
        "mean": [
            2.0056419113413932
        ],
        "std": [
            1.4131842210560617
        ],
        "count": [
            8685
        ]
    },
    "frame_index": {
        "min": [
            0
        ],
        "max": [
            1743
        ],
        "mean": [
            868.0166954519286
        ],
        "std": [
            501.45745700263865
        ],
        "count": [
            8685
        ]
    },
    "task_index": {
        "min": [
            0
        ],
        "max": [
            0
        ],
        "mean": [
            0.0
        ],
        "std": [
            0.0
        ],
        "count": [
            8685
        ]
    }
}