{
    "task_index": {
        "min": [
            0
        ],
        "max": [
            0
        ],
        "mean": [
            0.0
        ],
        "std": [
            0.0
        ],
        "count": [
            7289
        ]
    },
    "observation.state": {
        "min": [
            -71.08141326904297,
            -69.95708465576172,
            -38.60210037231445,
            -69.72596740722656,
            -95.91836547851562,
            8.881118774414062
        ],
        "max": [
            80.19441223144531,
            36.99570846557617,
            98.44677734375,
            78.07742309570312,
            -29.30402946472168,
            49.65034866333008
        ],
        "mean": [
            -3.421715044913133,
            0.7411507251805968,
            18.609224629411973,
            53.41991316959812,
            -62.120054591191064,
            19.523453003716806
        ],
        "std": [
            43.41326136159032,
            25.783174299614725,
            34.50527291869094,
            20.78756880306755,
            17.426110013437828,
            5.0868515451406005
        ],
        "count": [
            7289
        ]
    },
    "episode_index": {
        "min": [
            0
        ],
        "max": [
            4
        ],
        "mean": [
            1.9530799835368364
        ],
        "std": [
            1.4147932417536244
        ],
        "count": [
            7289
        ]
    },
    "action": {
        "min": [
            -73.29255676269531,
            -70.97209167480469,
            -44.35602569580078,
            4.792427062988281,
            -96.21620178222656,
            9.070075988769531
        ],
        "max": [
            80.72441101074219,
            36.25544738769531,
            89.92037963867188,
            78.26910400390625,
            -29.089065551757812,
            35.80421447753906
        ],
        "mean": [
            -3.471092232233017,
            -0.47214071713679334,
            15.890081765442691,
            53.87051239306748,
            -62.23101164437989,
            19.51189691949437
        ],
        "std": [
            43.57048358496315,
            25.515844637935537,
            34.660773323378926,
            18.73418009672242,
            17.497780413886534,
            4.782785441703092
        ],
        "count": [
            7289
        ]
    },
    "observation.images.top_cam": {
        "min": [
            [
                [
                    0.0
                ]
            ],
            [
                [
                    0.0
                ]
            ],
            [
                [
                    0.0
                ]
            ]
        ],
        "max": [
            [
                [
                    1.0
                ]
            ],
            [
                [
                    1.0
                ]
            ],
            [
                [
                    1.0
                ]
            ]
        ],
        "mean": [
            [
                [
                    0.524832512692577
                ]
            ],
            [
                [
                    0.5924315651607865
                ]
            ],
            [
                [
                    0.5773608802896159
                ]
            ]
        ],
        "std": [
            [
                [
                    0.22277090000834013
                ]
            ],
            [
                [
                    0.18721081872317985
                ]
            ],
            [
                [
                    0.21414228494941842
                ]
            ]
        ],
        "count": [
            1176
        ]
    },
    "observation.images.wrist_cam": {
        "min": [
            [
                [
                    0.0
                ]
            ],
            [
                [
                    0.0
                ]
            ],
            [
                [
                    0.0
                ]
            ]
        ],
        "max": [
            [
                [
                    1.0
                ]
            ],
            [
                [
                    1.0
                ]
            ],
            [
                [
                    1.0
                ]
            ]
        ],
        "mean": [
            [
                [
                    0.3088032502931728
                ]
            ],
            [
                [
                    0.3583757634998444
                ]
            ],
            [
                [
                    0.3677960875322351
                ]
            ]
        ],
        "std": [
            [
                [
                    0.26628278205949574
                ]
            ],
            [
                [
                    0.2282572172418687
                ]
            ],
            [
                [
                    0.2588210503235769
                ]
            ]
        ],
        "count": [
            1176
        ]
    },
    "index": {
        "min": [
            0
        ],
        "max": [
            7288
        ],
        "mean": [
            3644.0
        ],
        "std": [
            2104.153036259483
        ],
        "count": [
            7289
        ]
    },
    "timestamp": {
        "min": [
            0.0
        ],
        "max": [
            51.5
        ],
        "mean": [
            24.33942927699273
        ],
        "std": [
            14.129351927061402
        ],
        "count": [
            7289
        ]
    },
    "frame_index": {
        "min": [
            0
        ],
        "max": [
            1545
        ],
        "mean": [
            730.1828783097818
        ],
        "std": [
            423.88055781184215
        ],
        "count": [
            7289
        ]
    }
}